공원명,공원구분,주소,위도,경도,면적
추심정 2,소공원,전북특별자치도 전주시 완산구 남노송동 102-13,35.8183021,127.1549494,244
추심정 1,소공원,전북특별자치도 전주시 완산구 기린대로 106,35.8188266,127.1548864,180
학봉,소공원,전북특별자치도 전주시 완산구 학봉1길 5-39,35.8042205,127.1525704,674
산성 1,소공원,전북특별자치도 전주시 완산구 동서학동860-9,35.8075645616,127.1573057714,210
산성 2,소공원,전북특별자치도 전주시 완산구 황학1길 6-3,35.8078617,127.1571844,321
산성공원,역사공원,전북특별자치도 전주시 완산구 남고산성1길 176-9,35.7953531,127.1602416,1642765
원각사,소공원,전북특별자치도 전주시 완산구 완산길 42,35.81141643,127.1428994,238
완산공원,근린공원,전북특별자치도 전주시 완산구 완산4길 30-27,35.8098296500,127.1413974000,682091
상산공원,어린이공원,전북특별자치도 전주시 완산구 삼천동1가 577,35.80070049,127.1198769,1673.8
송정공원,어린이공원,전북특별자치도 전주시 완산구 삼천동1가 609,35.79814472,127.1174232,1570
약수공원,어린이공원,전북특별자치도 전주시 완산구 상거마4길 15,35.79702585,127.1211804,2099
세내공원,어린이공원,전북특별자치도 전주시 완산구 거마산3길 10,35.7960636,127.124643,4068
그린공원,근린공원,전북특별자치도 전주시 완산구 거마남로 41,35.79492105,127.1214675,11335
모퉁이공원,어린이공원,전북특별자치도 전주시 완산구 삼천동1가 672-1,35.79372016,127.1181687,2235.5
거마공원,근린공원,전북특별자치도 전주시 완산구 삼천동1가 707,35.7984286,127.1226567,20187
강변공원,근린공원,전북특별자치도 전주시 완산구 삼천동1가 724-1,35.79913644,127.1109993,9927
곰솔나무길공원,문화공원,전북특별자치도 전주시 완산구 삼천동1가 732-5,35.8003179,127.128379,1759
안행구획제1공원,어린이공원,전북특별자치도 전주시 완산구 삼천동1가 739,35.8019499,127.1291837,1556
신안행로공원,어린이공원,전북특별자치도 전주시 완산구 삼천동1가 750-3,35.799774,127.1314605,1690
삼천주공공원,어린이공원,전북특별자치도 전주시 완산구 삼천동1가 765-1,35.794779,127.1114402,1500
함대공원,어린이공원,전북특별자치도 전주시 완산구 삼천동2가 762,35.7949353282,127.1070337,1513
효천공원,어린이공원,전북특별자치도 전주시 완산구 삼천동2가 1383-5,35.7954049,127.1049515,1758
삼천공원,근린공원,전북특별자치도 전주시 완산구 삼천동2가 산 82-1,35.7847381,127.0935428,1302364
불무 1,소공원,전북특별자치도 전주시 완산구 서서학동 102-2,35.8048088,127.1465562,257
재실공원,어린이공원,전북특별자치도 전주시 완산구 장승배기로 352-22,35.8021494,127.1482498,4719
불무2,소공원,전북특별자치도 전주시 완산구 서서학동 369-2,35.8042163,127.1465607870,478
장승백이,소공원,전북특별자치도 전주시 완산구 서서학동 370-46,35.8019409,127.1451674,321
흑석골,소공원,전북특별자치도 전주시 완산구 서서학동 986-6,35.7976637,127.1494195,1689
고사평 동 공원,어린이공원,전북특별자치도 전주시 완산구 서신동 1018,35.83820556,127.1086174,1907
안터공원,어린이공원,전북특별자치도 전주시 완산구 서신동 787-1,35.83091122,127.1196293,5574
도내기샘공원,근린공원,전북특별자치도 전주시 완산구 서신동 794,35.83172792,127.1168157,11207
서신길공원,근린공원,전북특별자치도 전주시 완산구 당산로 56,35.83159158,127.1144504,11473
전룡공원,어린이공원,전북특별자치도 전주시 완산구 서신동 834,35.82800698,127.1168991,3426
용두길공원,어린이공원,전북특별자치도 전주시 완산구 서신동 844,35.82743631,127.1136139,2802
바구멀,소공원,전북특별자치도 전주시 완산구 서신동 8-4,35.8283414,127.1252804,314
명당골공원,어린이공원,전북특별자치도 전주시 완산구 서신동 887-8,35.8261764,127.1192304,1622
서여울길공원,어린이공원,전북특별자치도 전주시 완산구 서신동 929-2,35.8361108,127.1111833,1548
고사평서 공원,어린이공원,전북특별자치도 전주시 완산구 서신동 944-1,35.8360794,127.1086379,1668
서일공원,근린공원,전북특별자치도 전주시 완산구 서신동 960-3,35.83741908,127.1160863,10674
서부공원,어린이공원,전북특별자치도 전주시 완산구 서신동 962-5,35.83436386,127.113067,6960
선수촌공원,어린이공원,전북특별자치도 전주시 완산구 서신동 965-4,35.8347051,127.1191793,7818
재뜸공원,어린이공원,전북특별자치도 전주시 완산구 서신동 988,35.82684179,127.1234647,2292
강당재,소공원,전북특별자치도 전주시 완산구 강당2길 29-9,35.81082594,127.1338864,125
가락구역2,소공원,전북특별자치도 전주시 완산구 서완산동1가 525-6,35.8127361,127.1384905,75
가락구역1,소공원,전북특별자치도 전주시 완산구 서완산동1가 574-11,35.81186758,127.1384133271,219
풍남,소공원,전북특별자치도 전주시 완산구 효자동1가504-8,35.80069621,127.1145129,191
모악산도립공원,근린공원,전북특별자치도 전주시 완산구 중인동 1129,35.7583868,127.0913206,5608490
다가공원,근린공원,전북특별자치도 전주시 완산구 중화산동1가 150-3,35.814131,127.1377817,68006
선너머공원,근린공원,전북특별자치도 전주시 완산구 중화산동2가 547,35.8098485,127.1265809,12351
메너머1길공원,어린이공원,전북특별자치도 전주시 완산구 중화산동2가 573,35.82167593,127.1213322,1500
인정길공원,어린이공원,전북특별자치도 전주시 완산구 중화산동2가 586,35.819395,127.1194681,6000
중산10길공원,어린이공원,전북특별자치도 전주시 완산구 중화산동2가 598,35.81861931,127.1219537,1500
중산5길공원,어린이공원,전북특별자치도 전주시 완산구 중화산동2가 619,35.81551245,127.1190226,1500
중산3길공원,어린이공원,전북특별자치도 전주시 완산구 중화산동2가 630,35.8158115,127.1221999,1500
화산네거리공원,어린이공원,전북특별자치도 전주시 완산구 중화산동2가 643,35.81349502,127.1212353,1500
근영공원,어린이공원,전북특별자치도 전주시 완산구 중화산동2가 655-4,35.81734089,127.1248339,1499.3
한두평공원,어린이공원,전북특별자치도 전주시 완산구 중화산동2가 662-5,35.8138669,127.1249097,1500
중산공원,근린공원,전북특별자치도 전주시 완산구 메너머4길 11,35.82481675,127.1215811,12237
매너머공원,어린이공원,전북특별자치도 전주시 완산구 중화산동2가 702-1,35.8224944,127.1189399,1674
33호공원,근린공원,전북특별자치도 전주시 완산구 중화산동2가 746-3,35.8223532,127.1144597,10330
111호공원,어린이공원,전북특별자치도 전주시 완산구 중화산동2가 757-1,35.8202248,127.1172278,1531
110호공원,어린이공원,전북특별자치도 전주시 완산구 중화산동2가 763-4,35.8196463,127.1147908,1512
112호공원,어린이공원,전북특별자치도 전주시 완산구 중화산동2가 775-3,35.81814082,127.1168265,1510
109호공원,어린이공원,전북특별자치도 전주시 완산구 중화산동2가 819-1,35.8210657,127.1147651,1513
화산공원,근린공원,전북특별자치도 전주시 완산구 중화산동2가 산 83-1,35.819811,127.1272054,579173
태평문화공원,문화공원,전북특별자치도 전주시 완산구 태평동 293,35.82405946,127.1376788,7211
태평소공원,소공원,전북특별자치도 전주시 완산구 태평동 299,35.8254860426,127.1386268744,768
태평공원,어린이공원,전북특별자치도 전주시 완산구 태평동 293,35.82405946,127.1376788,4146
도화봉공원,어린이공원,전북특별자치도 전주시 완산구 평화동1가 592-2,35.79682285,127.1336338,409
평화제1공원,어린이공원,전북특별자치도 전주시 완산구 평화동1가 597-6,35.7967199,127.1331757,207
평화제2공원,어린이공원,전북특별자치도 전주시 완산구 평화동1가 722-1,35.7952008,127.1337134,1974
감나무골공원,어린이공원,전북특별자치도 전주시 완산구 평화동1가 740-1,35.7947307,127.138129,1932
평화1공원,어린이공원,전북특별자치도 전주시 완산구 평화동1가 745-1,35.79205926,127.1375172,2861
신성공원,근린공원,전북특별자치도 전주시 완산구 평화동2가 230-133,35.79084629,127.1346697,15152
새터공원,어린이공원,전북특별자치도 전주시 완산구 맏내2길 20,35.79201581,127.1296714,3414
찬새암공원,어린이공원,전북특별자치도 전주시 완산구 평화동2가 858-4,35.7918147,127.1351967,1511.5
맏내공원,어린이공원,전북특별자치도 전주시 완산구 평화동2가 873-5,35.788911,127.1360995,1677
평화3-1호공원,어린이공원,전북특별자치도 전주시 완산구 평화동2가 889-6,35.7861578,127.1318067,2755
평화3-2호공원,어린이공원,전북특별자치도 전주시 완산구 평화동2가 896-2,35.7856694,127.1344426,2400
평화3-3호공원,어린이공원,전북특별자치도 전주시 완산구 평화동2가 897-2,35.78341674,127.1323374,2210
중앙공원,역사공원,전북특별자치도 전주시 완산구 풍남동3가 102,35.815519,127.1501926,49620
간납대1,소공원,전북특별자치도 전주시 완산구 풍남동3가 83-16,35.8174482,127.1520713,1132
간납대2,소공원,전북특별자치도 전주시 완산구 풍남동3가 1-16,35.8161146729,127.1553713,265
신리공원,어린이공원,전북특별자치도 전주시 완산구 효자동1가 551,35.8048145,127.122346,1500
성지산공원,근린공원,전북특별자치도 전주시 완산구 성지산로 55,35.802042,127.1235308,10000
양지공원,어린이공원,전북특별자치도 전주시 완산구 송정로 15,35.80241572,127.1183502,1658.5
가절길공원,어린이공원,전북특별자치도 전주시 완산구 신봉3길 17-14,35.81192009,127.1159247,2228.7
장성공원,어린이공원,전북특별자치도 전주시 완산구 효자동1가 631,35.80919207,127.1171132,2312
효자공원,근린공원,전북특별자치도 전주시 완산구 효자동1가 634,35.81104873,127.1201511,31597
효문공원,어린이공원,전북특별자치도 전주시 완산구 효자동1가 653,35.80235417,127.1152654,2400
풍남공원,어린이공원,전북특별자치도 전주시 완산구 효자동1가 655,35.80069621,127.1145129,1600
효림공원,어린이공원,전북특별자치도 전주시 완산구 효자동1가 659-4,35.81029906,127.1267309,3144
안행공원,어린이공원,전북특별자치도 전주시 완산구 효자동1가 681,35.80452048,127.1356336,1442
은빛공원,어린이공원,전북특별자치도 전주시 완산구 효자동1가 690-5,35.8030586,127.1338644,2054
안행공원,근린공원,전북특별자치도 전주시 완산구 외칠봉4길 9,35.80538046,127.1360226,20497
효자제8호공원,어린이공원,전북특별자치도 전주시 완산구 효자동2가 1164-1,35.81300369,127.1086926,1537.5
한지공원,어린이공원,전북특별자치도 전주시 완산구 효자동2가 1191-3,35.80737996,127.0956845,1952
선율공원,어린이공원,전북특별자치도 전주시 완산구 효자동2가 1192-2,35.8091356,127.100273,1909
도화공원,어린이공원,전북특별자치도 전주시 완산구 효자동2가 1193-5,35.8072501,127.0980844,1984
효열공원,근린공원,전북특별자치도 전주시 완산구 효자동2가 1193-7,35.80675318,127.0990342,12195
솔바람공원,근린공원,전북특별자치도 전주시 완산구 효자동2가 1200-1,35.8063416,127.0995211,11342
달맞이공원,어린이공원,전북특별자치도 전주시 완산구 효자동2가 1201-3,35.8070229,127.1015881,1891
푸른연꽃공원,어린이공원,전북특별자치도 전주시 완산구 효자동2가 1205-1,35.8037085,127.0990965,1498
효자제6호공원,어린이공원,전북특별자치도 전주시 완산구 효자동2가 1247-13,35.8126301,127.099199,1716
효자제7호공원,어린이공원,전북특별자치도 전주시 완산구 효자동2가 1260-18,35.8124352,127.1042459,1538.9
사이언스공원,어린이공원,전북특별자치도 전주시 완산구 효자동2가 1310,35.809352,127.095438,2983
금파공원,어린이공원,전북특별자치도 전주시 완산구 효자동2가 1314-3,35.80965192,127.098195,2326
물빛채공원,어린이공원,전북특별자치도 전주시 완산구 효자동2가 1314-7,35.811213,127.101282,4371
이바디공원,근린공원,전북특별자치도 전주시 완산구 우전로 177,35.81069673,127.1011168,14061
토방공원,어린이공원,전북특별자치도 전주시 완산구 효자동2가 1315-5,35.809807,127.101497,2477
불빛공원,어린이공원,전북특별자치도 전주시 완산구 효자동2가 1322,35.805541,127.1024189,2579
나무향공원,어린이공원,전북특별자치도 전주시 완산구 효자동2가 1329-7,35.809874,127.105874,2276
용호근린공원,근린공원,전북특별자치도 전주시 완산구 효자동2가 1333-2,35.80689806,127.104279,31330
모꼬지공원,근린공원,전북특별자치도 전주시 완산구 강변로 260,35.81309246,127.1127717,18059
우전공원,어린이공원,전북특별자치도 전주시 완산구 효자동2가1363-1,35.8011687678,127.1026483340,3094
신주공원,어린이공원,전북특별자치도 전주시 완산구 효자동2가 1363-2,35.8009906139,127.1009651933,1633
천잠공원,근린공원,전북특별자치도 전주시 완산구 효자동2가 산 139,35.81021565,127.0844872,832791
백로공원,근린공원,전북특별자치도 전주시 완산구 효자동2가 산 61,35.8008763,127.1074326,55017
모롱지공원,근린공원,전북특별자치도 전주시 완산구 효자동3가 1407-3,35.83650064,127.1033146,11657
서중공원,어린이공원,전북특별자치도 전주시 완산구 효자동3가 1433,35.8352748,127.1001981,1684
신덕공원,어린이공원,전북특별자치도 전주시 완산구 효자동3가 1443-2,35.8341299,127.1025975,2482
양지뜸공원,어린이공원,전북특별자치도 전주시 완산구 효자동3가 1473-4,35.8323436,127.0983313,4842
서곡공원,근린공원,전북특별자치도 전주시 완산구 서곡2길 29-6,35.8337889,127.1041528,29536
서곡공원,어린이공원,전북특별자치도 전주시 완산구 효자동3가 1487,35.829822,127.0987812,2871
문학대2공원,근린공원,전북특별자치도 전주시 완산구 효자동3가 1523-2,35.82766862,127.1097689,71962
마전숲,근린공원,전북특별자치도 전주시 완산구 효자동3가 1526-1,35.8187033,127.1106341,17848
서부제5공원,근린공원,전북특별자치도 전주시 완산구 효자동3가 1578,35.82960936,127.0970700298,39618
서부제4공원,근린공원,전북특별자치도 전주시 완산구 효자동3가 1580,35.8302066,127.0996597,17448
문학대1공원,근린공원,전북특별자치도 전주시 완산구 효자동3가 1587,35.82918842,127.1051164,25693
효자제1호공원,어린이공원,전북특별자치도 전주시 완산구 효자동3가 1604-29,35.82710278,127.1014206,1626.9
효자제2호공원,어린이공원,전북특별자치도 전주시 완산구 효자동3가 1615-22,35.826979,127.1033266,1672.4
효자제3호공원,어린이공원,전북특별자치도 전주시 완산구 효자동3가 1641-7,35.82331738,127.0996972,1753.1
효자제4호공원,어린이공원,전북특별자치도 전주시 완산구 효자동3가 1687-13,35.82000442,127.0996948,1721
효자제5호공원,어린이공원,전북특별자치도 전주시 완산구 효자동3가 1713-18,35.8164307,127.0962956,1580.4
바위백이공원,근린공원,전북특별자치도 전주시 완산구 효자동3가 1858,35.81700271,127.0999915,59814
효자묘지공원,묘지공원,전북특별자치도 전주시 완산구 효자동3가 산 136-1,35.8268731,127.0914375,421320
효자공원,근린공원,전북특별자치도 전주시 완산구 효자동2가 1364-2,35.7990489878,127.1042322251,3240
이목대공원,소공원,전북특별자치도 전주시 완산구 자만동3길 4-1,35.8144091,127.1560596,264
역사도심공원,소공원,전북특별자치도 전주시 완산구 고사동 324-14,35.820872,127.140471,208
덕진공원,근린공원,전북특별자치도 전주시 덕진구 권삼득로 390,35.84749476,127.1210312,3557054
팔복첨단산업3-1,기타,전북특별자치도 전주시 덕진구 반룡1길 18-3,35.8600198175,127.0897383907,17397.5
진북공원,어린이공원,전북특별자치도 전주시 덕진구 벚꽃2길 6,35.82791173,127.132693,1279
가련산공원,근린공원,전북특별자치도 전주시 덕진구 덕진동2가 산 27-1,35.8436246,127.1192136,48319
오공공원(혁신8-1),근린공원,전북특별자치도 전주시 덕진구 중동 830,35.83284416,127.0536117,18935
정문공원(혁신4-2),근린공원,전북특별자치도 전주시 덕진구 중동 832,35.83277155,127.0665021,35918
금암공원,어린이공원,전북특별자치도 전주시 덕진구 떡전4길 22-5,35.8368538,127.1294517,2033.7
인후공원,근린공원,전북특별자치도 전주시 덕진구 인후동1가 산 4-6,35.8418516,127.1605317,459962
황방산공원,근린공원,전북특별자치도 전주시 덕진구 팔복동3가 산 238-1,35.8393425,127.0974924,2200631
꾀꼬리공원,어린이공원,전북특별자치도 전주시 덕진구 삼송5길 12,35.84330727,127.1372986,3303
금암체련공원,어린이공원,전북특별자치도 전주시 덕진구 매봉16길 8,35.83858803,127.1413128,3303.1
우아2공원,어린이공원,전북특별자치도 전주시 덕진구 우아동3가 762-1,35.8544738751,127.1557406799,1140
소공공원,어린이공원,전북특별자치도 전주시 덕진구 우아10길 21-24,35.85382317,127.1568998,1371.8
동신공원,어린이공원,전북특별자치도 전주시 덕진구 우아6길 24,35.8508605,127.1586183,1000.6
우아1공원,어린이공원,전북특별자치도 전주시 덕진구 우아동3가 747-81,35.85063052,127.1547065,1500.2
황산공원,어린이공원,전북특별자치도 전주시 덕진구 우아동3가 750-49,35.8452209,127.1558857,1000.7
신기공원,어린이공원,전북특별자치도 전주시 덕진구 우아동3가 753-29,35.84730413,127.1630224,333.2
구숙사공원,어린이공원,전북특별자치도 전주시 덕진구 명주3길 56,35.84090844,127.1471596,3066
금평공원,어린이공원,전북특별자치도 전주시 덕진구 명주4길 9,35.8448602,127.1495855,3305.2
숲정이공원,어린이공원,전북특별자치도 전주시 덕진구 진북동 834-60,35.83032678,127.1302488,1550
는들공원,근린공원,전북특별자치도 전주시 덕진구 중동 808,35.833529,127.0658053,16675.1
산정공원,어린이공원,전북특별자치도 전주시 덕진구 아중천1길 40,35.83570289,127.170663,1500
하인교공원,어린이공원,전북특별자치도 전주시 덕진구 인교로 25-5,35.8249724,127.1713421,1500
수성로공원,어린이공원,전북특별자치도 전주시 덕진구 우아동1가 1118-1,35.8263103,127.175069,1158
호동골공원,어린이공원,전북특별자치도 전주시 덕진구 동부대로 371,35.8254205,127.1772739,1973
석소공원,어린이공원,전북특별자치도 전주시 덕진구 석소2길 14-5,35.8342553,127.1692889,1500
왜들공원,어린이공원,전북특별자치도 전주시 덕진구 우아동2가 895-6,35.8321076,127.1719287,1500
오동제공원,어린이공원,전북특별자치도 전주시 덕진구 우아동2가 910-4,35.8287199,127.1704995,1500
진버들공원,어린이공원,전북특별자치도 전주시 덕진구 인후동1가 802-2,35.83554001,127.1633275,2550
북가재미공원,어린이공원,전북특별자치도 전주시 덕진구 인후동1가 843-1,35.8319092,127.1614937,1500
도란길공원,어린이공원,전북특별자치도 전주시 덕진구 건산로 238,35.8342223,127.1633686,1500
구총목공원,어린이공원,전북특별자치도 전주시 덕진구 인후동1가 882-1,35.8292439,127.1625277,1500
꿈마을공원,어린이공원,전북특별자치도 전주시 덕진구 인후동1가 890-2,35.8303238,127.1668328,2280
가재미공원,어린이공원,전북특별자치도 전주시 덕진구 인후동1가 906-1,35.8261569,127.1621407,1500
하평공원,어린이공원,전북특별자치도 전주시 덕진구 인후동1가 918-2,35.8280352,127.1654985,1500
한범로공원,어린이공원,전북특별자치도 전주시 덕진구 인후동1가 943-6,35.8238151,127.1672959,1500
문화로공원,어린이공원,전북특별자치도 전주시 덕진구 인후동1가 951-5,35.82710272,127.1700718,1500
북일길공원,어린이공원,전북특별자치도 전주시 덕진구 안골5길 7-4,35.8429704,127.1551273,1502
안골공원,어린이공원,전북특별자치도 전주시 덕진구 인후동1가 753-4,35.84081571,127.1570832,1502
안골노인복지공원,어린이공원,전북특별자치도 전주시 덕진구 인후동1가 764-6,35.8381589,127.1571397,1503.2
언덕공원,어린이공원,전북특별자치도 전주시 덕진구 인후동1가 774-1,35.83528072,127.1535205,1502.6
팔과공원,근린공원,전북특별자치도 전주시 덕진구 팔복동2가 830-7,35.8596025,127.0900692,11512.8
팔복지구 188호 (3호)공원,근린공원,전북특별자치도 전주시 덕진구 학산길 26-6,35.8558169,127.0932998,7176
신덕공원,어린이공원,전북특별자치도 전주시 덕진구 우아동2가 854-1,35.83771473,127.1662817,1655.9
중상보공원,근린공원,전북특별자치도 전주시 덕진구 우아동2가 907,35.83053163,127.1711276,11384
아람길공원,근린공원,전북특별자치도 전주시 덕진구 인후동1가 858-3,35.83102485,127.1678172,10066
팔복공원,근린공원,전북특별자치도 전주시 덕진구 서귀로 107,35.85144205,127.0870282,20723
붓내공원,어린이공원,전북특별자치도 전주시 덕진구 송천동2가 1270,35.868031,127.1253815,1650
솔내공원,어린이공원,전북특별자치도 전주시 덕진구 송천동2가 1274,35.8668845,127.1268701,2000
송천제2호공원,어린이공원,전북특별자치도 전주시 덕진구 송천동1가 844-10,35.8612642348,127.1173895657,2004.1
송천유적공원,어린이공원,전북특별자치도 전주시 덕진구 송천동1가 816-1,35.86501667,127.1187477,6760.6
나들목공원,근린공원,전북특별자치도 전주시 덕진구 용정동 124-41,35.8754524,127.0555936,56941
아중18호공원,어린이공원,전북특별자치도 전주시 덕진구 우아동2가 869-2,35.8344393,127.1692888,1500
하늘공원,근린공원,전북특별자치도 전주시 덕진구 덕진동2가 682,35.8452358,127.1071352,25864
쇠똥구리공원,어린이공원,전북특별자치도 전주시 덕진구 호반6길 26-5,35.85229684,127.1186639,1555
반딧불이공원,어린이공원,전북특별자치도 전주시 덕진구 호반6길 26-5,35.85229684,127.1186639,1791.4
여울목공원,어린이공원,전북특별자치도 전주시 덕진구 호반6길 26-5,35.85229684,127.1186639,2515.8
월평공원,어린이공원,전북특별자치도 전주시 덕진구 만성동 1188-6,35.835815,127.073567,1592.1
월방공원,소공원,전북특별자치도 전주시 덕진구 만성동 1194-3,35.83466855,127.0726077,6035.2
월방공원,어린이공원,전북특별자치도 전주시 덕진구 만성동 1201-8,35.8331288849,127.0715555044,1756.8
기린공원,근린공원,전북특별자치도 전주시 덕진구 한배미6길 23,35.82258424,127.1692571,2544787
마당재공원,근린공원,전북특별자치도 전주시 덕진구 인후동1가 925,35.82402423,127.162349,13865
기지재,수변공원,전북특별자치도 전주시 덕진구 장동 1094,35.84124785,127.0644982,191762
여의공원,어린이공원,전북특별자치도 전주시 덕진구 반월동 248-27,35.8717844029,127.0758291846,1496
179호 붓내구역,소공원,전북특별자치도 전주시 덕진구 송천동2가 270-5,35.8680381,127.1235233,197
160호 붓내구역,소공원,전북특별자치도 전주시 덕진구 붓내5길 11,35.8687265,127.122497,133
우아구역,소공원,전북특별자치도 전주시 덕진구 우아동3가 386-1,35.8432668861,127.1649354339,425
원중공원,소공원,전북특별자치도 전주시 덕진구 장동 1092-1,35.843344,127.0638563,3987.9
정문공원,소공원,전북특별자치도 전주시 덕진구 중동 779-15,35.835826,127.0599446,431.5
중동공원,근린공원,전북특별자치도 전주시 덕진구 중동 787-11,35.833591,127.0621413,20625.8
만성어린 5,어린이공원,전북특별자치도 전주시 덕진구 만성동 1346-7,35.8483202474,127.0822396444,1513.6
만성수변,수변공원,전북특별자치도 전주시 덕진구 만성동 1267-2,35.8424236377,127.0699863562,55047
만성어린 1,어린이공원,전북특별자치도 전주시 덕진구 만성동 1275-4,35.8403681001,127.0724995944,1879
만성지구 1,근린공원,전북특별자치도 전주시 덕진구 만성동 447,35.841164,127.0744742,58533
만성어린 4,어린이공원,전북특별자치도 전주시 덕진구 만성동 1370-7,35.8438792476,127.0807728520,6896.6
만성어린 2,어린이공원,전북특별자치도 전주시 덕진구 만성동 1290-12,35.8381144345,127.0767718337,3137
만성문화,문화공원,전북특별자치도 전주시 덕진구 만성동285-8,35.8474324609,127.0817518319,18019
종광대,소공원,전북특별자치도 전주시 덕진구 인후동1가 176-22,35.8308589,127.1513332,1093
만성어린 3,어린이공원,전북특별자치도 전주시 덕진구 만성동 1353-9,35.8492012628,127.0761732191,2631
동산구역,소공원,전북특별자치도 전주시 덕진구 덕용2길 23,35.86992524,127.0791965068,2270
서찰방공원,소공원,전북특별자치도 전주시 덕진구 만성동 1168-8,35.8343406,127.067871,327.7
찰방공원,어린이공원,전북특별자치도 전주시 덕진구 만성동 1174-3,35.83393617,127.0696925,1852.9
오정공원,어린이공원,전북특별자치도 전주시 덕진구 중동 783-4,35.834749,127.0605874,1641.2
느티나무공원,어린이공원,전북특별자치도 전주시 덕진구 진북동 1164-2,35.8332628096,127.1291828009,1329
건산공원,어린이공원,전북특별자치도 전주시 덕진구 건산1길 21-3,35.8318687,127.1425954,1132.9
원장동공원,근린공원,전북특별자치도 전주시 덕진구 장동 1065,35.84130384,127.0555798,16103.7
만성지구 2,근린공원,전북특별자치도 전주시 덕진구 만성동377-122,35.8351751,127.0712343,16592.6
엽순공원,근린공원,전북특별자치도 전주시 덕진구 장동 1073-1,35.8430173,127.0607347,83224.7
송천유남공원,소공원,전북특별자치도 전주시 덕진구 송천동 97-80,35.8634308,127.130367,1017
에코시티7호,소공원,전북특별자치도 전주시 덕진구 송천동2가 1318,35.8768410810,127.1269793653,1443.5
봉암공원(에코시티8호),소공원,전북특별자치도 전주시 덕진구 송천동2가 1353-4,35.8734566707,127.1395917963,1026.9
에코시티1호,소공원,전북특별자치도 전주시 덕진구 송천동2가 377-66,35.8769132,127.114948,810.2
에코시티2호,소공원,전북특별자치도 전주시 덕진구 송천동2가 727-27,35.8759677807,127.1151002826,1317.2
에코시티3호,소공원,전북특별자치도 전주시 덕진구 송천동2가 377-66,35.8769132,127.114948,871.7
에코시티4호,소공원,전북특별자치도 전주시 덕진구 송천동2가 727-49,35.8763458021,127.1160722672,1110
에코시티5호,소공원,전북특별자치도 전주시 덕진구 송천동2가 377-66,35.8769132,127.114948,1129
에코시티6호,소공원,전북특별자치도 전주시 덕진구 송천동2가 377-66,35.8769132,127.114948,10063
화암공원(에코시티9호),소공원,전북특별자치도 전주시 덕진구 송천동2가1365-4,35.8714514141,127.1394612232,1320.5
백석공원,근린공원,전북특별자치도 전주시 덕진구 송천동2가 1293-86,35.88165646,127.1241909,92596.2
세병공원,근린공원,전북특별자치도 전주시 덕진구 송천동2가 1316,35.87592143,127.1320572,200475
붓내공원,근린공원,전북특별자치도 전주시 덕진구 송천동2가 1339,35.87140771,127.1296104,28727
화정공원,근린공원,전북특별자치도 전주시 덕진구 송천동2가 1356,35.8716158,127.1364965,35878
팔복문화공원,문화공원,전북특별자치도 전주시 덕진구 구렛들1길 46,35.86133297,127.1009481,13242
철도178호,근린공원,전북특별자치도 전주시 덕진구 우아동1가 942-1,35.82991351,127.1764064,36018
에코시티 1호공원,어린이공원,전북특별자치도 전주시 덕진구 송천동2가 377-66,35.8769132,127.114948,3508
에코시티5호,근린공원,전북특별자치도 전주시 덕진구 송천동2가 377-70,35.87558642,127.1112869,11236
제187호 근린공원,근린공원,전북특별자치도 전주시 덕진구 우아동1가 1121,35.8255237,127.1762275,5153
동산구역B,소공원,전북특별자치도 전주시 덕진구 여의동2가 551-3,35.8686356349,127.0803392506,499
동산구역A,소공원,전북특별자치도 전주시 덕진구 여의동2가 601-5,35.870165,127.0806617218,1405
추천대공원,소공원,전북특별자치도 전주시 덕진구 팔복동2가 100-2,35.845709,127.1041981,4780
